,F1-Macro,F1-Accuracy,F1-Weighted
LogisticRegression,0.9981823506859414,0.9981818181818182,0.9981823506859415
MultinomialNB,0.9993181807923285,0.9993181818181818,0.9993181807923285
LinearSVC,0.999090908709622,0.9990909090909091,0.9990909087096219
SGDClassifier,0.9989393304004779,0.9989393939393939,0.9989393304004779
RidgeClassifier,0.9991666979036838,0.9991666666666666,0.9991666979036837
